,model,best_params,best_score,fit time,train score,test score,accuracy_train,accuracy_test,precision_train,precision_test,recall_train,recall_test,f1_train,f1_test
0,dtree,{'dtree__max_depth': 4},0.9000356159929535,0.10389375686645508,0.9013304846071671,0.8993881713120326,0.9013304846071671,0.8993881713120326,0.2007456266131345,0.19601040763226366,0.72840790842872,0.6746268656716418,0.31474820143884896,0.30376344086021506
1,logreg,"{'logreg__penalty': None, 'logreg__random_state': 42}",0.8992263083048815,0.40084409713745117,0.9003269560713476,0.8998737496358162,0.9003269560713476,0.8998737496358162,0.23286492687123603,0.22549869904596703,0.6677631578947368,0.6532663316582915,0.34531150329576865,0.33526756931012247
2,KNN,"{'KNN__n_neighbors': 30, 'KNN__weights': 'uniform'}",0.898158006648633,0.05881524085998535,0.9000356090770775,0.8989997086530057,0.9000356090770775,0.8989997086530057,0.21508459994264412,0.19687771032090198,0.6811989100817438,0.6656891495601173,0.3269398430688753,0.3038821954484605
3,SVM_linear,{'SVM_linear__kernel': 'linear'},0.897834320675925,810.6202671527863,0.8978343206759251,0.8965718170340876,0.8978343206759251,0.8965718170340876,0.2079151132778893,0.209887250650477,0.647899910634495,0.6111111111111112,0.3148067737733391,0.3124596513879923
4,SVM_rbf,"{'SVM_rbf__gamma': 0.01, 'SVM_rbf__kernel': 'rbf'}",0.899161530997309,25.994102001190186,0.9041468388851122,0.899970865300573,0.9041468388851122,0.899970865300573,0.23229136793805563,0.21335646140503037,0.7404021937842779,0.6666666666666666,0.35363457760314343,0.3232588699080157
